{
  "alora_invocation_tokens": null,
  "alpha_pattern": {},
  "arrow_config": null,
  "auto_mapping": {
    "base_model_class": "Chronos2Model",
    "parent_library": "chronos.chronos2.model"
  },
  "base_model_name_or_path": "amazon/chronos-2",
  "bias": "none",
  "corda_config": null,
  "ensure_weight_tying": false,
  "eva_config": null,
  "exclude_modules": null,
  "fan_in_fan_out": false,
  "inference_mode": true,
  "init_lora_weights": true,
  "layer_replication": null,
  "layers_pattern": null,
  "layers_to_transform": null,
  "loftq_config": {},
  "lora_alpha": 32,
  "lora_bias": false,
  "lora_dropout": 0.05,
  "megatron_config": null,
  "megatron_core": "megatron.core",
  "modules_to_save": null,
  "peft_type": "LORA",
  "peft_version": "0.18.0",
  "qalora_group_size": 16,
  "r": 16,
  "rank_pattern": {},
  "revision": null,
  "target_modules": [
    "self_attention.o",
    "self_attention.v",
    "self_attention.k",
    "output_patch_embedding.output_layer",
    "self_attention.q"
  ],
  "target_parameters": null,
  "task_type": null,
  "trainable_token_indices": null,
  "use_dora": true,
  "use_qalora": false,
  "use_rslora": false
}