{
  "best_global_step": null,
  "best_metric": null,
  "best_model_checkpoint": null,
  "epoch": 1.0,
  "eval_steps": 500,
  "global_step": 526,
  "is_hyper_param_search": false,
  "is_local_process_zero": true,
  "is_world_process_zero": true,
  "log_history": [
    {
      "epoch": 0.09505703422053231,
      "grad_norm": 23.598268508911133,
      "learning_rate": 9.068441064638784e-05,
      "loss": 21.523,
      "step": 50
    },
    {
      "epoch": 0.19011406844106463,
      "grad_norm": 24.264223098754883,
      "learning_rate": 8.117870722433461e-05,
      "loss": 16.6215,
      "step": 100
    },
    {
      "epoch": 0.28517110266159695,
      "grad_norm": 19.456968307495117,
      "learning_rate": 7.167300380228137e-05,
      "loss": 14.6378,
      "step": 150
    },
    {
      "epoch": 0.38022813688212925,
      "grad_norm": 15.26955509185791,
      "learning_rate": 6.216730038022814e-05,
      "loss": 13.806,
      "step": 200
    },
    {
      "epoch": 0.4752851711026616,
      "grad_norm": 19.994586944580078,
      "learning_rate": 5.2661596958174905e-05,
      "loss": 13.1561,
      "step": 250
    },
    {
      "epoch": 0.5703422053231939,
      "grad_norm": 12.973491668701172,
      "learning_rate": 4.3155893536121676e-05,
      "loss": 13.3236,
      "step": 300
    },
    {
      "epoch": 0.6653992395437263,
      "grad_norm": 18.72027015686035,
      "learning_rate": 3.365019011406844e-05,
      "loss": 13.1366,
      "step": 350
    },
    {
      "epoch": 0.7604562737642585,
      "grad_norm": 26.704524993896484,
      "learning_rate": 2.4144486692015212e-05,
      "loss": 12.8627,
      "step": 400
    },
    {
      "epoch": 0.8555133079847909,
      "grad_norm": 24.814208984375,
      "learning_rate": 1.4638783269961978e-05,
      "loss": 12.9061,
      "step": 450
    },
    {
      "epoch": 0.9505703422053232,
      "grad_norm": 16.184614181518555,
      "learning_rate": 5.1330798479087455e-06,
      "loss": 13.1706,
      "step": 500
    },
    {
      "epoch": 1.0,
      "eval_loss": 21.383949279785156,
      "eval_runtime": 41.514,
      "eval_samples_per_second": 419.256,
      "eval_steps_per_second": 13.104,
      "step": 526
    }
  ],
  "logging_steps": 50,
  "max_steps": 526,
  "num_input_tokens_seen": 0,
  "num_train_epochs": 1,
  "save_steps": 500,
  "stateful_callbacks": {
    "TrainerControl": {
      "args": {
        "should_epoch_stop": false,
        "should_evaluate": false,
        "should_log": false,
        "should_save": true,
        "should_training_stop": true
      },
      "attributes": {}
    }
  },
  "total_flos": 0.0,
  "train_batch_size": 32,
  "trial_name": null,
  "trial_params": null
}
