{
  "best_global_step": null,
  "best_metric": null,
  "best_model_checkpoint": null,
  "epoch": 1.0,
  "eval_steps": 500,
  "global_step": 708,
  "is_hyper_param_search": false,
  "is_local_process_zero": true,
  "is_world_process_zero": true,
  "log_history": [
    {
      "epoch": 0.07062146892655367,
      "grad_norm": 5.137399673461914,
      "learning_rate": 9.307909604519775e-05,
      "loss": 3.5011,
      "step": 50
    },
    {
      "epoch": 0.14124293785310735,
      "grad_norm": 6.4818267822265625,
      "learning_rate": 8.601694915254238e-05,
      "loss": 3.1864,
      "step": 100
    },
    {
      "epoch": 0.211864406779661,
      "grad_norm": 5.132023334503174,
      "learning_rate": 7.895480225988701e-05,
      "loss": 2.9883,
      "step": 150
    },
    {
      "epoch": 0.2824858757062147,
      "grad_norm": 5.745350360870361,
      "learning_rate": 7.189265536723164e-05,
      "loss": 3.1439,
      "step": 200
    },
    {
      "epoch": 0.3531073446327684,
      "grad_norm": 6.163014888763428,
      "learning_rate": 6.483050847457627e-05,
      "loss": 2.815,
      "step": 250
    },
    {
      "epoch": 0.423728813559322,
      "grad_norm": 7.287230491638184,
      "learning_rate": 5.7768361581920905e-05,
      "loss": 2.8324,
      "step": 300
    },
    {
      "epoch": 0.4943502824858757,
      "grad_norm": 8.13353443145752,
      "learning_rate": 5.070621468926554e-05,
      "loss": 2.7958,
      "step": 350
    },
    {
      "epoch": 0.5649717514124294,
      "grad_norm": 6.958754062652588,
      "learning_rate": 4.3644067796610175e-05,
      "loss": 2.7154,
      "step": 400
    },
    {
      "epoch": 0.635593220338983,
      "grad_norm": 9.242972373962402,
      "learning_rate": 3.6581920903954806e-05,
      "loss": 2.6245,
      "step": 450
    },
    {
      "epoch": 0.7062146892655368,
      "grad_norm": 7.495458126068115,
      "learning_rate": 2.951977401129944e-05,
      "loss": 2.5617,
      "step": 500
    },
    {
      "epoch": 0.7768361581920904,
      "grad_norm": 10.535656929016113,
      "learning_rate": 2.245762711864407e-05,
      "loss": 2.5899,
      "step": 550
    },
    {
      "epoch": 0.847457627118644,
      "grad_norm": 7.229374885559082,
      "learning_rate": 1.5395480225988703e-05,
      "loss": 2.5127,
      "step": 600
    },
    {
      "epoch": 0.9180790960451978,
      "grad_norm": 8.354484558105469,
      "learning_rate": 8.333333333333334e-06,
      "loss": 2.5966,
      "step": 650
    },
    {
      "epoch": 0.9887005649717514,
      "grad_norm": 9.006342887878418,
      "learning_rate": 1.2711864406779662e-06,
      "loss": 2.5544,
      "step": 700
    },
    {
      "epoch": 1.0,
      "eval_loss": 2.6773548126220703,
      "eval_runtime": 127.9054,
      "eval_samples_per_second": 181.634,
      "eval_steps_per_second": 5.676,
      "step": 708
    }
  ],
  "logging_steps": 50,
  "max_steps": 708,
  "num_input_tokens_seen": 0,
  "num_train_epochs": 1,
  "save_steps": 500,
  "stateful_callbacks": {
    "TrainerControl": {
      "args": {
        "should_epoch_stop": false,
        "should_evaluate": false,
        "should_log": false,
        "should_save": true,
        "should_training_stop": true
      },
      "attributes": {}
    }
  },
  "total_flos": 0.0,
  "train_batch_size": 32,
  "trial_name": null,
  "trial_params": null
}
