{
  "best_global_step": null,
  "best_metric": null,
  "best_model_checkpoint": null,
  "epoch": 1.0,
  "eval_steps": 500,
  "global_step": 1436,
  "is_hyper_param_search": false,
  "is_local_process_zero": true,
  "is_world_process_zero": true,
  "log_history": [
    {
      "epoch": 0.034818941504178275,
      "grad_norm": 5.442378520965576,
      "learning_rate": 9.658774373259053e-05,
      "loss": 3.2285,
      "step": 50
    },
    {
      "epoch": 0.06963788300835655,
      "grad_norm": 3.8103296756744385,
      "learning_rate": 9.310584958217272e-05,
      "loss": 2.8727,
      "step": 100
    },
    {
      "epoch": 0.10445682451253482,
      "grad_norm": 4.967617511749268,
      "learning_rate": 8.962395543175488e-05,
      "loss": 2.8664,
      "step": 150
    },
    {
      "epoch": 0.1392757660167131,
      "grad_norm": 3.6963186264038086,
      "learning_rate": 8.614206128133705e-05,
      "loss": 2.8418,
      "step": 200
    },
    {
      "epoch": 0.17409470752089137,
      "grad_norm": 4.356722831726074,
      "learning_rate": 8.266016713091922e-05,
      "loss": 2.6593,
      "step": 250
    },
    {
      "epoch": 0.20891364902506965,
      "grad_norm": 5.084609508514404,
      "learning_rate": 7.91782729805014e-05,
      "loss": 2.5967,
      "step": 300
    },
    {
      "epoch": 0.24373259052924792,
      "grad_norm": 6.357008934020996,
      "learning_rate": 7.569637883008357e-05,
      "loss": 2.7032,
      "step": 350
    },
    {
      "epoch": 0.2785515320334262,
      "grad_norm": 5.869527339935303,
      "learning_rate": 7.221448467966574e-05,
      "loss": 2.5963,
      "step": 400
    },
    {
      "epoch": 0.31337047353760444,
      "grad_norm": 5.533006191253662,
      "learning_rate": 6.87325905292479e-05,
      "loss": 2.4796,
      "step": 450
    },
    {
      "epoch": 0.34818941504178275,
      "grad_norm": 6.018428325653076,
      "learning_rate": 6.525069637883009e-05,
      "loss": 2.4359,
      "step": 500
    },
    {
      "epoch": 0.383008356545961,
      "grad_norm": 4.3810648918151855,
      "learning_rate": 6.176880222841226e-05,
      "loss": 2.4371,
      "step": 550
    },
    {
      "epoch": 0.4178272980501393,
      "grad_norm": 5.466519355773926,
      "learning_rate": 5.828690807799443e-05,
      "loss": 2.4202,
      "step": 600
    },
    {
      "epoch": 0.45264623955431754,
      "grad_norm": 5.6921868324279785,
      "learning_rate": 5.480501392757661e-05,
      "loss": 2.5032,
      "step": 650
    },
    {
      "epoch": 0.48746518105849584,
      "grad_norm": 3.2671892642974854,
      "learning_rate": 5.132311977715878e-05,
      "loss": 2.412,
      "step": 700
    },
    {
      "epoch": 0.5222841225626741,
      "grad_norm": 13.265801429748535,
      "learning_rate": 4.784122562674095e-05,
      "loss": 2.4019,
      "step": 750
    },
    {
      "epoch": 0.5571030640668524,
      "grad_norm": 5.907790184020996,
      "learning_rate": 4.435933147632312e-05,
      "loss": 2.3869,
      "step": 800
    },
    {
      "epoch": 0.5919220055710307,
      "grad_norm": 6.780179977416992,
      "learning_rate": 4.0877437325905295e-05,
      "loss": 2.4356,
      "step": 850
    },
    {
      "epoch": 0.6267409470752089,
      "grad_norm": 7.444182872772217,
      "learning_rate": 3.739554317548747e-05,
      "loss": 2.4025,
      "step": 900
    },
    {
      "epoch": 0.6615598885793872,
      "grad_norm": 8.347244262695312,
      "learning_rate": 3.3913649025069635e-05,
      "loss": 2.4479,
      "step": 950
    },
    {
      "epoch": 0.6963788300835655,
      "grad_norm": 11.299039840698242,
      "learning_rate": 3.0431754874651815e-05,
      "loss": 2.2162,
      "step": 1000
    },
    {
      "epoch": 0.7311977715877437,
      "grad_norm": 10.569372177124023,
      "learning_rate": 2.694986072423398e-05,
      "loss": 2.367,
      "step": 1050
    },
    {
      "epoch": 0.766016713091922,
      "grad_norm": 8.241308212280273,
      "learning_rate": 2.3467966573816158e-05,
      "loss": 2.2907,
      "step": 1100
    },
    {
      "epoch": 0.8008356545961003,
      "grad_norm": 7.004321575164795,
      "learning_rate": 1.998607242339833e-05,
      "loss": 2.2462,
      "step": 1150
    },
    {
      "epoch": 0.8356545961002786,
      "grad_norm": 6.873416900634766,
      "learning_rate": 1.6504178272980504e-05,
      "loss": 2.3408,
      "step": 1200
    },
    {
      "epoch": 0.8704735376044568,
      "grad_norm": 8.444377899169922,
      "learning_rate": 1.3022284122562676e-05,
      "loss": 2.1368,
      "step": 1250
    },
    {
      "epoch": 0.9052924791086351,
      "grad_norm": 7.782618045806885,
      "learning_rate": 9.540389972144848e-06,
      "loss": 2.265,
      "step": 1300
    },
    {
      "epoch": 0.9401114206128134,
      "grad_norm": 7.7078633308410645,
      "learning_rate": 6.05849582172702e-06,
      "loss": 2.2524,
      "step": 1350
    },
    {
      "epoch": 0.9749303621169917,
      "grad_norm": 6.885166645050049,
      "learning_rate": 2.5766016713091923e-06,
      "loss": 2.3016,
      "step": 1400
    },
    {
      "epoch": 1.0,
      "eval_loss": 1.7516521215438843,
      "eval_runtime": 128.519,
      "eval_samples_per_second": 180.767,
      "eval_steps_per_second": 5.649,
      "step": 1436
    }
  ],
  "logging_steps": 50,
  "max_steps": 1436,
  "num_input_tokens_seen": 0,
  "num_train_epochs": 1,
  "save_steps": 500,
  "stateful_callbacks": {
    "TrainerControl": {
      "args": {
        "should_epoch_stop": false,
        "should_evaluate": false,
        "should_log": false,
        "should_save": true,
        "should_training_stop": true
      },
      "attributes": {}
    }
  },
  "total_flos": 0.0,
  "train_batch_size": 32,
  "trial_name": null,
  "trial_params": null
}
