{
  "best_global_step": null,
  "best_metric": null,
  "best_model_checkpoint": null,
  "epoch": 1.0,
  "eval_steps": 500,
  "global_step": 1072,
  "is_hyper_param_search": false,
  "is_local_process_zero": true,
  "is_world_process_zero": true,
  "log_history": [
    {
      "epoch": 0.04664179104477612,
      "grad_norm": 0.024507272988557816,
      "learning_rate": 9.542910447761194e-05,
      "loss": 2.6229,
      "step": 50
    },
    {
      "epoch": 0.09328358208955224,
      "grad_norm": 0.051127590239048004,
      "learning_rate": 9.076492537313433e-05,
      "loss": 2.5849,
      "step": 100
    },
    {
      "epoch": 0.13992537313432835,
      "grad_norm": 0.03860371187329292,
      "learning_rate": 8.610074626865671e-05,
      "loss": 2.6114,
      "step": 150
    },
    {
      "epoch": 0.1865671641791045,
      "grad_norm": 0.055964916944503784,
      "learning_rate": 8.143656716417912e-05,
      "loss": 2.5942,
      "step": 200
    },
    {
      "epoch": 0.2332089552238806,
      "grad_norm": 0.04991268739104271,
      "learning_rate": 7.67723880597015e-05,
      "loss": 2.5468,
      "step": 250
    },
    {
      "epoch": 0.2798507462686567,
      "grad_norm": 0.059326041489839554,
      "learning_rate": 7.210820895522389e-05,
      "loss": 2.4761,
      "step": 300
    },
    {
      "epoch": 0.32649253731343286,
      "grad_norm": 0.05795376002788544,
      "learning_rate": 6.744402985074626e-05,
      "loss": 2.5153,
      "step": 350
    },
    {
      "epoch": 0.373134328358209,
      "grad_norm": 0.05276951938867569,
      "learning_rate": 6.277985074626867e-05,
      "loss": 2.5276,
      "step": 400
    },
    {
      "epoch": 0.4197761194029851,
      "grad_norm": 0.05039519444108009,
      "learning_rate": 5.811567164179105e-05,
      "loss": 2.5233,
      "step": 450
    },
    {
      "epoch": 0.4664179104477612,
      "grad_norm": 0.05989665165543556,
      "learning_rate": 5.345149253731343e-05,
      "loss": 2.5248,
      "step": 500
    },
    {
      "epoch": 0.5130597014925373,
      "grad_norm": 0.06943010538816452,
      "learning_rate": 4.878731343283582e-05,
      "loss": 2.4617,
      "step": 550
    },
    {
      "epoch": 0.5597014925373134,
      "grad_norm": 0.060610074549913406,
      "learning_rate": 4.4123134328358215e-05,
      "loss": 2.4739,
      "step": 600
    },
    {
      "epoch": 0.6063432835820896,
      "grad_norm": 0.06405173242092133,
      "learning_rate": 3.94589552238806e-05,
      "loss": 2.5193,
      "step": 650
    },
    {
      "epoch": 0.6529850746268657,
      "grad_norm": 0.055418431758880615,
      "learning_rate": 3.479477611940299e-05,
      "loss": 2.4674,
      "step": 700
    },
    {
      "epoch": 0.6996268656716418,
      "grad_norm": 0.06441366672515869,
      "learning_rate": 3.0130597014925375e-05,
      "loss": 2.4772,
      "step": 750
    },
    {
      "epoch": 0.746268656716418,
      "grad_norm": 0.06773004680871964,
      "learning_rate": 2.5466417910447767e-05,
      "loss": 2.5068,
      "step": 800
    },
    {
      "epoch": 0.792910447761194,
      "grad_norm": 0.07112568616867065,
      "learning_rate": 2.080223880597015e-05,
      "loss": 2.4933,
      "step": 850
    },
    {
      "epoch": 0.8395522388059702,
      "grad_norm": 0.06237683817744255,
      "learning_rate": 1.613805970149254e-05,
      "loss": 2.5623,
      "step": 900
    },
    {
      "epoch": 0.8861940298507462,
      "grad_norm": 0.06256289035081863,
      "learning_rate": 1.1473880597014926e-05,
      "loss": 2.4873,
      "step": 950
    },
    {
      "epoch": 0.9328358208955224,
      "grad_norm": 0.06507154554128647,
      "learning_rate": 6.809701492537314e-06,
      "loss": 2.5072,
      "step": 1000
    },
    {
      "epoch": 0.9794776119402985,
      "grad_norm": 0.07256553322076797,
      "learning_rate": 2.1455223880597014e-06,
      "loss": 2.4762,
      "step": 1050
    },
    {
      "epoch": 1.0,
      "eval_loss": 2.3963494300842285,
      "eval_runtime": 266.8201,
      "eval_samples_per_second": 65.231,
      "eval_steps_per_second": 2.039,
      "step": 1072
    }
  ],
  "logging_steps": 50,
  "max_steps": 1072,
  "num_input_tokens_seen": 0,
  "num_train_epochs": 1,
  "save_steps": 500,
  "stateful_callbacks": {
    "TrainerControl": {
      "args": {
        "should_epoch_stop": false,
        "should_evaluate": false,
        "should_log": false,
        "should_save": true,
        "should_training_stop": true
      },
      "attributes": {}
    }
  },
  "total_flos": 4710263419699200.0,
  "train_batch_size": 32,
  "trial_name": null,
  "trial_params": null
}
