{
  "best_global_step": null,
  "best_metric": null,
  "best_model_checkpoint": null,
  "epoch": 1.0,
  "eval_steps": 500,
  "global_step": 526,
  "is_hyper_param_search": false,
  "is_local_process_zero": true,
  "is_world_process_zero": true,
  "log_history": [
    {
      "epoch": 0.09505703422053231,
      "grad_norm": 0.030620180070400238,
      "learning_rate": 9.068441064638784e-05,
      "loss": 2.3295,
      "step": 50
    },
    {
      "epoch": 0.19011406844106463,
      "grad_norm": 0.03765347972512245,
      "learning_rate": 8.117870722433461e-05,
      "loss": 2.3423,
      "step": 100
    },
    {
      "epoch": 0.28517110266159695,
      "grad_norm": 0.05161798745393753,
      "learning_rate": 7.167300380228137e-05,
      "loss": 2.2925,
      "step": 150
    },
    {
      "epoch": 0.38022813688212925,
      "grad_norm": 0.044101450592279434,
      "learning_rate": 6.216730038022814e-05,
      "loss": 2.2453,
      "step": 200
    },
    {
      "epoch": 0.4752851711026616,
      "grad_norm": 0.05072588473558426,
      "learning_rate": 5.2661596958174905e-05,
      "loss": 2.2492,
      "step": 250
    },
    {
      "epoch": 0.5703422053231939,
      "grad_norm": 0.051319669932127,
      "learning_rate": 4.3155893536121676e-05,
      "loss": 2.2372,
      "step": 300
    },
    {
      "epoch": 0.6653992395437263,
      "grad_norm": 0.05601770058274269,
      "learning_rate": 3.365019011406844e-05,
      "loss": 2.2432,
      "step": 350
    },
    {
      "epoch": 0.7604562737642585,
      "grad_norm": 0.05597051605582237,
      "learning_rate": 2.4144486692015212e-05,
      "loss": 2.2391,
      "step": 400
    },
    {
      "epoch": 0.8555133079847909,
      "grad_norm": 0.05245891958475113,
      "learning_rate": 1.4638783269961978e-05,
      "loss": 2.2607,
      "step": 450
    },
    {
      "epoch": 0.9505703422053232,
      "grad_norm": 0.0474444255232811,
      "learning_rate": 5.1330798479087455e-06,
      "loss": 2.237,
      "step": 500
    },
    {
      "epoch": 1.0,
      "eval_loss": 2.808879852294922,
      "eval_runtime": 266.6917,
      "eval_samples_per_second": 65.263,
      "eval_steps_per_second": 2.04,
      "step": 526
    }
  ],
  "logging_steps": 50,
  "max_steps": 526,
  "num_input_tokens_seen": 0,
  "num_train_epochs": 1,
  "save_steps": 500,
  "stateful_callbacks": {
    "TrainerControl": {
      "args": {
        "should_epoch_stop": false,
        "should_evaluate": false,
        "should_log": false,
        "should_save": true,
        "should_training_stop": true
      },
      "attributes": {}
    }
  },
  "total_flos": 2309782575513600.0,
  "train_batch_size": 32,
  "trial_name": null,
  "trial_params": null
}
