{
  "best_global_step": null,
  "best_metric": null,
  "best_model_checkpoint": null,
  "epoch": 1.0,
  "eval_steps": 500,
  "global_step": 1617,
  "is_hyper_param_search": false,
  "is_local_process_zero": true,
  "is_world_process_zero": true,
  "log_history": [
    {
      "epoch": 0.030921459492888066,
      "grad_norm": 0.030742360278964043,
      "learning_rate": 9.696969696969698e-05,
      "loss": 2.623,
      "step": 50
    },
    {
      "epoch": 0.06184291898577613,
      "grad_norm": 0.04484349116683006,
      "learning_rate": 9.387755102040817e-05,
      "loss": 2.5716,
      "step": 100
    },
    {
      "epoch": 0.09276437847866419,
      "grad_norm": 0.03900747373700142,
      "learning_rate": 9.078540507111935e-05,
      "loss": 2.5604,
      "step": 150
    },
    {
      "epoch": 0.12368583797155226,
      "grad_norm": 0.04394977539777756,
      "learning_rate": 8.769325912183055e-05,
      "loss": 2.5368,
      "step": 200
    },
    {
      "epoch": 0.15460729746444032,
      "grad_norm": 0.04662276431918144,
      "learning_rate": 8.460111317254174e-05,
      "loss": 2.4756,
      "step": 250
    },
    {
      "epoch": 0.18552875695732837,
      "grad_norm": 0.05537701025605202,
      "learning_rate": 8.150896722325294e-05,
      "loss": 2.506,
      "step": 300
    },
    {
      "epoch": 0.21645021645021645,
      "grad_norm": 0.06054476648569107,
      "learning_rate": 7.841682127396414e-05,
      "loss": 2.4643,
      "step": 350
    },
    {
      "epoch": 0.24737167594310452,
      "grad_norm": 0.07663868367671967,
      "learning_rate": 7.532467532467533e-05,
      "loss": 2.4723,
      "step": 400
    },
    {
      "epoch": 0.2782931354359926,
      "grad_norm": 0.06266392767429352,
      "learning_rate": 7.223252937538653e-05,
      "loss": 2.51,
      "step": 450
    },
    {
      "epoch": 0.30921459492888065,
      "grad_norm": 0.060954734683036804,
      "learning_rate": 6.914038342609771e-05,
      "loss": 2.4659,
      "step": 500
    },
    {
      "epoch": 0.3401360544217687,
      "grad_norm": 0.05705335736274719,
      "learning_rate": 6.60482374768089e-05,
      "loss": 2.4681,
      "step": 550
    },
    {
      "epoch": 0.37105751391465674,
      "grad_norm": 0.06814377754926682,
      "learning_rate": 6.29560915275201e-05,
      "loss": 2.4612,
      "step": 600
    },
    {
      "epoch": 0.40197897340754485,
      "grad_norm": 0.07038704305887222,
      "learning_rate": 5.9863945578231295e-05,
      "loss": 2.5236,
      "step": 650
    },
    {
      "epoch": 0.4329004329004329,
      "grad_norm": 0.07055961340665817,
      "learning_rate": 5.677179962894249e-05,
      "loss": 2.4992,
      "step": 700
    },
    {
      "epoch": 0.46382189239332094,
      "grad_norm": 0.06557878106832504,
      "learning_rate": 5.3679653679653686e-05,
      "loss": 2.4743,
      "step": 750
    },
    {
      "epoch": 0.49474335188620905,
      "grad_norm": 0.060582078993320465,
      "learning_rate": 5.058750773036488e-05,
      "loss": 2.4534,
      "step": 800
    },
    {
      "epoch": 0.525664811379097,
      "grad_norm": 0.060109756886959076,
      "learning_rate": 4.749536178107607e-05,
      "loss": 2.4761,
      "step": 850
    },
    {
      "epoch": 0.5565862708719852,
      "grad_norm": 0.05999084189534187,
      "learning_rate": 4.4403215831787265e-05,
      "loss": 2.3675,
      "step": 900
    },
    {
      "epoch": 0.5875077303648732,
      "grad_norm": 0.06120450422167778,
      "learning_rate": 4.1311069882498454e-05,
      "loss": 2.5239,
      "step": 950
    },
    {
      "epoch": 0.6184291898577613,
      "grad_norm": 0.06841296702623367,
      "learning_rate": 3.821892393320965e-05,
      "loss": 2.4551,
      "step": 1000
    },
    {
      "epoch": 0.6493506493506493,
      "grad_norm": 0.0645831972360611,
      "learning_rate": 3.5126777983920845e-05,
      "loss": 2.4383,
      "step": 1050
    },
    {
      "epoch": 0.6802721088435374,
      "grad_norm": 0.08673511445522308,
      "learning_rate": 3.2034632034632034e-05,
      "loss": 2.4975,
      "step": 1100
    },
    {
      "epoch": 0.7111935683364254,
      "grad_norm": 0.0661899596452713,
      "learning_rate": 2.894248608534323e-05,
      "loss": 2.5203,
      "step": 1150
    },
    {
      "epoch": 0.7421150278293135,
      "grad_norm": 0.07416775077581406,
      "learning_rate": 2.5850340136054425e-05,
      "loss": 2.4095,
      "step": 1200
    },
    {
      "epoch": 0.7730364873222016,
      "grad_norm": 0.06526345759630203,
      "learning_rate": 2.2758194186765617e-05,
      "loss": 2.4977,
      "step": 1250
    },
    {
      "epoch": 0.8039579468150897,
      "grad_norm": 0.07462145388126373,
      "learning_rate": 1.966604823747681e-05,
      "loss": 2.4321,
      "step": 1300
    },
    {
      "epoch": 0.8348794063079777,
      "grad_norm": 0.06492331624031067,
      "learning_rate": 1.6573902288188005e-05,
      "loss": 2.4455,
      "step": 1350
    },
    {
      "epoch": 0.8658008658008658,
      "grad_norm": 0.07119248807430267,
      "learning_rate": 1.3481756338899195e-05,
      "loss": 2.4613,
      "step": 1400
    },
    {
      "epoch": 0.8967223252937538,
      "grad_norm": 0.08322563767433167,
      "learning_rate": 1.038961038961039e-05,
      "loss": 2.4696,
      "step": 1450
    },
    {
      "epoch": 0.9276437847866419,
      "grad_norm": 0.0684690922498703,
      "learning_rate": 7.2974644403215834e-06,
      "loss": 2.4659,
      "step": 1500
    },
    {
      "epoch": 0.95856524427953,
      "grad_norm": 0.06551986932754517,
      "learning_rate": 4.205318491032776e-06,
      "loss": 2.4448,
      "step": 1550
    },
    {
      "epoch": 0.9894867037724181,
      "grad_norm": 0.06721653789281845,
      "learning_rate": 1.1131725417439704e-06,
      "loss": 2.4708,
      "step": 1600
    },
    {
      "epoch": 1.0,
      "eval_loss": 1.97713303565979,
      "eval_runtime": 266.4813,
      "eval_samples_per_second": 65.314,
      "eval_steps_per_second": 2.041,
      "step": 1617
    }
  ],
  "logging_steps": 50,
  "max_steps": 1617,
  "num_input_tokens_seen": 0,
  "num_train_epochs": 1,
  "save_steps": 500,
  "stateful_callbacks": {
    "TrainerControl": {
      "args": {
        "should_epoch_stop": false,
        "should_evaluate": false,
        "should_log": false,
        "should_save": true,
        "should_training_stop": true
      },
      "attributes": {}
    }
  },
  "total_flos": 7110744263884800.0,
  "train_batch_size": 32,
  "trial_name": null,
  "trial_params": null
}
