{
  "best_global_step": null,
  "best_metric": null,
  "best_model_checkpoint": null,
  "epoch": 1.0,
  "eval_steps": 500,
  "global_step": 1072,
  "is_hyper_param_search": false,
  "is_local_process_zero": true,
  "is_world_process_zero": true,
  "log_history": [
    {
      "epoch": 0.04664179104477612,
      "grad_norm": 14.422710418701172,
      "learning_rate": 9.542910447761194e-05,
      "loss": 26.0371,
      "step": 50
    },
    {
      "epoch": 0.09328358208955224,
      "grad_norm": 12.845985412597656,
      "learning_rate": 9.076492537313433e-05,
      "loss": 20.438,
      "step": 100
    },
    {
      "epoch": 0.13992537313432835,
      "grad_norm": 16.083370208740234,
      "learning_rate": 8.610074626865671e-05,
      "loss": 19.0697,
      "step": 150
    },
    {
      "epoch": 0.1865671641791045,
      "grad_norm": 22.027612686157227,
      "learning_rate": 8.143656716417912e-05,
      "loss": 18.3959,
      "step": 200
    },
    {
      "epoch": 0.2332089552238806,
      "grad_norm": 28.768434524536133,
      "learning_rate": 7.67723880597015e-05,
      "loss": 16.9317,
      "step": 250
    },
    {
      "epoch": 0.2798507462686567,
      "grad_norm": 21.0371150970459,
      "learning_rate": 7.210820895522389e-05,
      "loss": 16.2283,
      "step": 300
    },
    {
      "epoch": 0.32649253731343286,
      "grad_norm": 23.954553604125977,
      "learning_rate": 6.744402985074626e-05,
      "loss": 16.9636,
      "step": 350
    },
    {
      "epoch": 0.373134328358209,
      "grad_norm": 26.661434173583984,
      "learning_rate": 6.277985074626867e-05,
      "loss": 16.7818,
      "step": 400
    },
    {
      "epoch": 0.4197761194029851,
      "grad_norm": 19.371877670288086,
      "learning_rate": 5.811567164179105e-05,
      "loss": 16.3502,
      "step": 450
    },
    {
      "epoch": 0.4664179104477612,
      "grad_norm": 23.365192413330078,
      "learning_rate": 5.345149253731343e-05,
      "loss": 16.636,
      "step": 500
    },
    {
      "epoch": 0.5130597014925373,
      "grad_norm": 13.709693908691406,
      "learning_rate": 4.878731343283582e-05,
      "loss": 15.6341,
      "step": 550
    },
    {
      "epoch": 0.5597014925373134,
      "grad_norm": 25.16227912902832,
      "learning_rate": 4.4123134328358215e-05,
      "loss": 15.8109,
      "step": 600
    },
    {
      "epoch": 0.6063432835820896,
      "grad_norm": 31.63750648498535,
      "learning_rate": 3.94589552238806e-05,
      "loss": 15.5495,
      "step": 650
    },
    {
      "epoch": 0.6529850746268657,
      "grad_norm": 18.201095581054688,
      "learning_rate": 3.479477611940299e-05,
      "loss": 15.4938,
      "step": 700
    },
    {
      "epoch": 0.6996268656716418,
      "grad_norm": 17.32622718811035,
      "learning_rate": 3.0130597014925375e-05,
      "loss": 15.0911,
      "step": 750
    },
    {
      "epoch": 0.746268656716418,
      "grad_norm": 16.476537704467773,
      "learning_rate": 2.5466417910447767e-05,
      "loss": 15.4615,
      "step": 800
    },
    {
      "epoch": 0.792910447761194,
      "grad_norm": 14.855982780456543,
      "learning_rate": 2.080223880597015e-05,
      "loss": 15.1997,
      "step": 850
    },
    {
      "epoch": 0.8395522388059702,
      "grad_norm": 21.01972007751465,
      "learning_rate": 1.613805970149254e-05,
      "loss": 15.7404,
      "step": 900
    },
    {
      "epoch": 0.8861940298507462,
      "grad_norm": 22.469247817993164,
      "learning_rate": 1.1473880597014926e-05,
      "loss": 15.6409,
      "step": 950
    },
    {
      "epoch": 0.9328358208955224,
      "grad_norm": 17.59409523010254,
      "learning_rate": 6.809701492537314e-06,
      "loss": 15.6444,
      "step": 1000
    },
    {
      "epoch": 0.9794776119402985,
      "grad_norm": 18.497303009033203,
      "learning_rate": 2.1455223880597014e-06,
      "loss": 15.27,
      "step": 1050
    },
    {
      "epoch": 1.0,
      "eval_loss": 11.490946769714355,
      "eval_runtime": 24.2707,
      "eval_samples_per_second": 717.121,
      "eval_steps_per_second": 22.414,
      "step": 1072
    }
  ],
  "logging_steps": 50,
  "max_steps": 1072,
  "num_input_tokens_seen": 0,
  "num_train_epochs": 1,
  "save_steps": 500,
  "stateful_callbacks": {
    "TrainerControl": {
      "args": {
        "should_epoch_stop": false,
        "should_evaluate": false,
        "should_log": false,
        "should_save": true,
        "should_training_stop": true
      },
      "attributes": {}
    }
  },
  "total_flos": 0.0,
  "train_batch_size": 32,
  "trial_name": null,
  "trial_params": null
}
