{
  "best_global_step": null,
  "best_metric": null,
  "best_model_checkpoint": null,
  "epoch": 1.0,
  "eval_steps": 500,
  "global_step": 1617,
  "is_hyper_param_search": false,
  "is_local_process_zero": true,
  "is_world_process_zero": true,
  "log_history": [
    {
      "epoch": 0.030921459492888066,
      "grad_norm": 5.127114772796631,
      "learning_rate": 9.696969696969698e-05,
      "loss": 22.455,
      "step": 50
    },
    {
      "epoch": 0.06184291898577613,
      "grad_norm": 8.490580558776855,
      "learning_rate": 9.387755102040817e-05,
      "loss": 17.21,
      "step": 100
    },
    {
      "epoch": 0.09276437847866419,
      "grad_norm": 8.123932838439941,
      "learning_rate": 9.078540507111935e-05,
      "loss": 15.8216,
      "step": 150
    },
    {
      "epoch": 0.12368583797155226,
      "grad_norm": 9.189300537109375,
      "learning_rate": 8.769325912183055e-05,
      "loss": 15.3535,
      "step": 200
    },
    {
      "epoch": 0.15460729746444032,
      "grad_norm": 9.839529037475586,
      "learning_rate": 8.460111317254174e-05,
      "loss": 14.2156,
      "step": 250
    },
    {
      "epoch": 0.18552875695732837,
      "grad_norm": 10.586153030395508,
      "learning_rate": 8.150896722325294e-05,
      "loss": 14.3147,
      "step": 300
    },
    {
      "epoch": 0.21645021645021645,
      "grad_norm": 12.2698392868042,
      "learning_rate": 7.841682127396414e-05,
      "loss": 13.7902,
      "step": 350
    },
    {
      "epoch": 0.24737167594310452,
      "grad_norm": 12.51894474029541,
      "learning_rate": 7.532467532467533e-05,
      "loss": 13.7382,
      "step": 400
    },
    {
      "epoch": 0.2782931354359926,
      "grad_norm": 11.414019584655762,
      "learning_rate": 7.223252937538653e-05,
      "loss": 14.0811,
      "step": 450
    },
    {
      "epoch": 0.30921459492888065,
      "grad_norm": 8.053389549255371,
      "learning_rate": 6.914038342609771e-05,
      "loss": 13.8168,
      "step": 500
    },
    {
      "epoch": 0.3401360544217687,
      "grad_norm": 10.404472351074219,
      "learning_rate": 6.60482374768089e-05,
      "loss": 13.6456,
      "step": 550
    },
    {
      "epoch": 0.37105751391465674,
      "grad_norm": 13.434532165527344,
      "learning_rate": 6.29560915275201e-05,
      "loss": 13.0822,
      "step": 600
    },
    {
      "epoch": 0.40197897340754485,
      "grad_norm": 11.035184860229492,
      "learning_rate": 5.9863945578231295e-05,
      "loss": 14.0059,
      "step": 650
    },
    {
      "epoch": 0.4329004329004329,
      "grad_norm": 13.887961387634277,
      "learning_rate": 5.677179962894249e-05,
      "loss": 13.5702,
      "step": 700
    },
    {
      "epoch": 0.46382189239332094,
      "grad_norm": 7.5826005935668945,
      "learning_rate": 5.3679653679653686e-05,
      "loss": 13.4199,
      "step": 750
    },
    {
      "epoch": 0.49474335188620905,
      "grad_norm": 12.375971794128418,
      "learning_rate": 5.058750773036488e-05,
      "loss": 13.4979,
      "step": 800
    },
    {
      "epoch": 0.525664811379097,
      "grad_norm": 16.169536590576172,
      "learning_rate": 4.749536178107607e-05,
      "loss": 13.0768,
      "step": 850
    },
    {
      "epoch": 0.5565862708719852,
      "grad_norm": 7.554816246032715,
      "learning_rate": 4.4403215831787265e-05,
      "loss": 12.4192,
      "step": 900
    },
    {
      "epoch": 0.5875077303648732,
      "grad_norm": 16.874486923217773,
      "learning_rate": 4.1311069882498454e-05,
      "loss": 13.2394,
      "step": 950
    },
    {
      "epoch": 0.6184291898577613,
      "grad_norm": 9.882467269897461,
      "learning_rate": 3.821892393320965e-05,
      "loss": 12.8214,
      "step": 1000
    },
    {
      "epoch": 0.6493506493506493,
      "grad_norm": 9.81502628326416,
      "learning_rate": 3.5126777983920845e-05,
      "loss": 13.2671,
      "step": 1050
    },
    {
      "epoch": 0.6802721088435374,
      "grad_norm": 8.4700927734375,
      "learning_rate": 3.2034632034632034e-05,
      "loss": 13.2153,
      "step": 1100
    },
    {
      "epoch": 0.7111935683364254,
      "grad_norm": 8.330133438110352,
      "learning_rate": 2.894248608534323e-05,
      "loss": 13.2629,
      "step": 1150
    },
    {
      "epoch": 0.7421150278293135,
      "grad_norm": 12.653681755065918,
      "learning_rate": 2.5850340136054425e-05,
      "loss": 12.2679,
      "step": 1200
    },
    {
      "epoch": 0.7730364873222016,
      "grad_norm": 10.394413948059082,
      "learning_rate": 2.2758194186765617e-05,
      "loss": 13.3217,
      "step": 1250
    },
    {
      "epoch": 0.8039579468150897,
      "grad_norm": 7.787430286407471,
      "learning_rate": 1.966604823747681e-05,
      "loss": 12.7731,
      "step": 1300
    },
    {
      "epoch": 0.8348794063079777,
      "grad_norm": 9.44391918182373,
      "learning_rate": 1.6573902288188005e-05,
      "loss": 12.7953,
      "step": 1350
    },
    {
      "epoch": 0.8658008658008658,
      "grad_norm": 11.485665321350098,
      "learning_rate": 1.3481756338899195e-05,
      "loss": 12.5157,
      "step": 1400
    },
    {
      "epoch": 0.8967223252937538,
      "grad_norm": 13.059194564819336,
      "learning_rate": 1.038961038961039e-05,
      "loss": 12.7687,
      "step": 1450
    },
    {
      "epoch": 0.9276437847866419,
      "grad_norm": 10.544754981994629,
      "learning_rate": 7.2974644403215834e-06,
      "loss": 12.9822,
      "step": 1500
    },
    {
      "epoch": 0.95856524427953,
      "grad_norm": 12.099161148071289,
      "learning_rate": 4.205318491032776e-06,
      "loss": 12.4453,
      "step": 1550
    },
    {
      "epoch": 0.9894867037724181,
      "grad_norm": 7.714590549468994,
      "learning_rate": 1.1131725417439704e-06,
      "loss": 12.9436,
      "step": 1600
    },
    {
      "epoch": 1.0,
      "eval_loss": 6.847180366516113,
      "eval_runtime": 72.6155,
      "eval_samples_per_second": 239.687,
      "eval_steps_per_second": 7.492,
      "step": 1617
    }
  ],
  "logging_steps": 50,
  "max_steps": 1617,
  "num_input_tokens_seen": 0,
  "num_train_epochs": 1,
  "save_steps": 500,
  "stateful_callbacks": {
    "TrainerControl": {
      "args": {
        "should_epoch_stop": false,
        "should_evaluate": false,
        "should_log": false,
        "should_save": true,
        "should_training_stop": true
      },
      "attributes": {}
    }
  },
  "total_flos": 0.0,
  "train_batch_size": 32,
  "trial_name": null,
  "trial_params": null
}
