{
  "best_global_step": null,
  "best_metric": null,
  "best_model_checkpoint": null,
  "epoch": 1.0,
  "eval_steps": 500,
  "global_step": 1617,
  "is_hyper_param_search": false,
  "is_local_process_zero": true,
  "is_world_process_zero": true,
  "log_history": [
    {
      "epoch": 0.030921459492888066,
      "grad_norm": 17.22410774230957,
      "learning_rate": 9.696969696969698e-05,
      "loss": 24.9243,
      "step": 50
    },
    {
      "epoch": 0.06184291898577613,
      "grad_norm": 17.55167007446289,
      "learning_rate": 9.387755102040817e-05,
      "loss": 18.8106,
      "step": 100
    },
    {
      "epoch": 0.09276437847866419,
      "grad_norm": 11.436767578125,
      "learning_rate": 9.078540507111935e-05,
      "loss": 17.3932,
      "step": 150
    },
    {
      "epoch": 0.12368583797155226,
      "grad_norm": 21.85873794555664,
      "learning_rate": 8.769325912183055e-05,
      "loss": 16.668,
      "step": 200
    },
    {
      "epoch": 0.15460729746444032,
      "grad_norm": 18.61546516418457,
      "learning_rate": 8.460111317254174e-05,
      "loss": 15.5847,
      "step": 250
    },
    {
      "epoch": 0.18552875695732837,
      "grad_norm": 16.30332374572754,
      "learning_rate": 8.150896722325294e-05,
      "loss": 15.3104,
      "step": 300
    },
    {
      "epoch": 0.21645021645021645,
      "grad_norm": 26.066471099853516,
      "learning_rate": 7.841682127396414e-05,
      "loss": 15.0541,
      "step": 350
    },
    {
      "epoch": 0.24737167594310452,
      "grad_norm": 20.737422943115234,
      "learning_rate": 7.532467532467533e-05,
      "loss": 14.966,
      "step": 400
    },
    {
      "epoch": 0.2782931354359926,
      "grad_norm": 30.080663681030273,
      "learning_rate": 7.223252937538653e-05,
      "loss": 15.348,
      "step": 450
    },
    {
      "epoch": 0.30921459492888065,
      "grad_norm": 15.332983016967773,
      "learning_rate": 6.914038342609771e-05,
      "loss": 15.0223,
      "step": 500
    },
    {
      "epoch": 0.3401360544217687,
      "grad_norm": 26.248306274414062,
      "learning_rate": 6.60482374768089e-05,
      "loss": 14.7786,
      "step": 550
    },
    {
      "epoch": 0.37105751391465674,
      "grad_norm": 17.49762725830078,
      "learning_rate": 6.29560915275201e-05,
      "loss": 14.1712,
      "step": 600
    },
    {
      "epoch": 0.40197897340754485,
      "grad_norm": 29.617576599121094,
      "learning_rate": 5.9863945578231295e-05,
      "loss": 15.1045,
      "step": 650
    },
    {
      "epoch": 0.4329004329004329,
      "grad_norm": 23.66136360168457,
      "learning_rate": 5.677179962894249e-05,
      "loss": 14.8098,
      "step": 700
    },
    {
      "epoch": 0.46382189239332094,
      "grad_norm": 16.374643325805664,
      "learning_rate": 5.3679653679653686e-05,
      "loss": 14.5236,
      "step": 750
    },
    {
      "epoch": 0.49474335188620905,
      "grad_norm": 13.256336212158203,
      "learning_rate": 5.058750773036488e-05,
      "loss": 14.5449,
      "step": 800
    },
    {
      "epoch": 0.525664811379097,
      "grad_norm": 28.306900024414062,
      "learning_rate": 4.749536178107607e-05,
      "loss": 14.1832,
      "step": 850
    },
    {
      "epoch": 0.5565862708719852,
      "grad_norm": 18.919099807739258,
      "learning_rate": 4.4403215831787265e-05,
      "loss": 13.6875,
      "step": 900
    },
    {
      "epoch": 0.5875077303648732,
      "grad_norm": 24.566370010375977,
      "learning_rate": 4.1311069882498454e-05,
      "loss": 14.5678,
      "step": 950
    },
    {
      "epoch": 0.6184291898577613,
      "grad_norm": 23.522174835205078,
      "learning_rate": 3.821892393320965e-05,
      "loss": 14.0797,
      "step": 1000
    },
    {
      "epoch": 0.6493506493506493,
      "grad_norm": 36.38520050048828,
      "learning_rate": 3.5126777983920845e-05,
      "loss": 14.5177,
      "step": 1050
    },
    {
      "epoch": 0.6802721088435374,
      "grad_norm": 16.504125595092773,
      "learning_rate": 3.2034632034632034e-05,
      "loss": 14.5396,
      "step": 1100
    },
    {
      "epoch": 0.7111935683364254,
      "grad_norm": 15.083181381225586,
      "learning_rate": 2.894248608534323e-05,
      "loss": 14.6383,
      "step": 1150
    },
    {
      "epoch": 0.7421150278293135,
      "grad_norm": 17.78001594543457,
      "learning_rate": 2.5850340136054425e-05,
      "loss": 13.7032,
      "step": 1200
    },
    {
      "epoch": 0.7730364873222016,
      "grad_norm": 22.539932250976562,
      "learning_rate": 2.2758194186765617e-05,
      "loss": 14.5459,
      "step": 1250
    },
    {
      "epoch": 0.8039579468150897,
      "grad_norm": 16.378108978271484,
      "learning_rate": 1.966604823747681e-05,
      "loss": 14.159,
      "step": 1300
    },
    {
      "epoch": 0.8348794063079777,
      "grad_norm": 19.78519058227539,
      "learning_rate": 1.6573902288188005e-05,
      "loss": 14.1103,
      "step": 1350
    },
    {
      "epoch": 0.8658008658008658,
      "grad_norm": 26.76202392578125,
      "learning_rate": 1.3481756338899195e-05,
      "loss": 14.0323,
      "step": 1400
    },
    {
      "epoch": 0.8967223252937538,
      "grad_norm": 20.53129005432129,
      "learning_rate": 1.038961038961039e-05,
      "loss": 14.1718,
      "step": 1450
    },
    {
      "epoch": 0.9276437847866419,
      "grad_norm": 16.620264053344727,
      "learning_rate": 7.2974644403215834e-06,
      "loss": 14.3512,
      "step": 1500
    },
    {
      "epoch": 0.95856524427953,
      "grad_norm": 18.512697219848633,
      "learning_rate": 4.205318491032776e-06,
      "loss": 13.73,
      "step": 1550
    },
    {
      "epoch": 0.9894867037724181,
      "grad_norm": 22.36785888671875,
      "learning_rate": 1.1131725417439704e-06,
      "loss": 14.3011,
      "step": 1600
    },
    {
      "epoch": 1.0,
      "eval_loss": 7.305270671844482,
      "eval_runtime": 18.9363,
      "eval_samples_per_second": 919.135,
      "eval_steps_per_second": 28.728,
      "step": 1617
    }
  ],
  "logging_steps": 50,
  "max_steps": 1617,
  "num_input_tokens_seen": 0,
  "num_train_epochs": 1,
  "save_steps": 500,
  "stateful_callbacks": {
    "TrainerControl": {
      "args": {
        "should_epoch_stop": false,
        "should_evaluate": false,
        "should_log": false,
        "should_save": true,
        "should_training_stop": true
      },
      "attributes": {}
    }
  },
  "total_flos": 0.0,
  "train_batch_size": 32,
  "trial_name": null,
  "trial_params": null
}
