{
  "best_global_step": null,
  "best_metric": null,
  "best_model_checkpoint": null,
  "epoch": 1.0,
  "eval_steps": 500,
  "global_step": 1072,
  "is_hyper_param_search": false,
  "is_local_process_zero": true,
  "is_world_process_zero": true,
  "log_history": [
    {
      "epoch": 0.04664179104477612,
      "grad_norm": 7.324604034423828,
      "learning_rate": 9.542910447761194e-05,
      "loss": 23.8439,
      "step": 50
    },
    {
      "epoch": 0.09328358208955224,
      "grad_norm": 8.28206729888916,
      "learning_rate": 9.076492537313433e-05,
      "loss": 18.9354,
      "step": 100
    },
    {
      "epoch": 0.13992537313432835,
      "grad_norm": 8.10317325592041,
      "learning_rate": 8.610074626865671e-05,
      "loss": 17.3916,
      "step": 150
    },
    {
      "epoch": 0.1865671641791045,
      "grad_norm": 9.265888214111328,
      "learning_rate": 8.143656716417912e-05,
      "loss": 16.658,
      "step": 200
    },
    {
      "epoch": 0.2332089552238806,
      "grad_norm": 10.61499309539795,
      "learning_rate": 7.67723880597015e-05,
      "loss": 15.6661,
      "step": 250
    },
    {
      "epoch": 0.2798507462686567,
      "grad_norm": 7.416585445404053,
      "learning_rate": 7.210820895522389e-05,
      "loss": 14.8827,
      "step": 300
    },
    {
      "epoch": 0.32649253731343286,
      "grad_norm": 9.439507484436035,
      "learning_rate": 6.744402985074626e-05,
      "loss": 15.464,
      "step": 350
    },
    {
      "epoch": 0.373134328358209,
      "grad_norm": 13.119410514831543,
      "learning_rate": 6.277985074626867e-05,
      "loss": 15.348,
      "step": 400
    },
    {
      "epoch": 0.4197761194029851,
      "grad_norm": 12.014491081237793,
      "learning_rate": 5.811567164179105e-05,
      "loss": 14.7925,
      "step": 450
    },
    {
      "epoch": 0.4664179104477612,
      "grad_norm": 7.843901634216309,
      "learning_rate": 5.345149253731343e-05,
      "loss": 15.0374,
      "step": 500
    },
    {
      "epoch": 0.5130597014925373,
      "grad_norm": 9.40588092803955,
      "learning_rate": 4.878731343283582e-05,
      "loss": 14.1311,
      "step": 550
    },
    {
      "epoch": 0.5597014925373134,
      "grad_norm": 11.014310836791992,
      "learning_rate": 4.4123134328358215e-05,
      "loss": 14.3151,
      "step": 600
    },
    {
      "epoch": 0.6063432835820896,
      "grad_norm": 14.408808708190918,
      "learning_rate": 3.94589552238806e-05,
      "loss": 14.0453,
      "step": 650
    },
    {
      "epoch": 0.6529850746268657,
      "grad_norm": 11.508946418762207,
      "learning_rate": 3.479477611940299e-05,
      "loss": 14.2143,
      "step": 700
    },
    {
      "epoch": 0.6996268656716418,
      "grad_norm": 10.485211372375488,
      "learning_rate": 3.0130597014925375e-05,
      "loss": 13.6384,
      "step": 750
    },
    {
      "epoch": 0.746268656716418,
      "grad_norm": 8.378026962280273,
      "learning_rate": 2.5466417910447767e-05,
      "loss": 13.8758,
      "step": 800
    },
    {
      "epoch": 0.792910447761194,
      "grad_norm": 9.610074043273926,
      "learning_rate": 2.080223880597015e-05,
      "loss": 13.7982,
      "step": 850
    },
    {
      "epoch": 0.8395522388059702,
      "grad_norm": 9.027252197265625,
      "learning_rate": 1.613805970149254e-05,
      "loss": 14.3626,
      "step": 900
    },
    {
      "epoch": 0.8861940298507462,
      "grad_norm": 11.705777168273926,
      "learning_rate": 1.1473880597014926e-05,
      "loss": 14.251,
      "step": 950
    },
    {
      "epoch": 0.9328358208955224,
      "grad_norm": 14.193674087524414,
      "learning_rate": 6.809701492537314e-06,
      "loss": 14.4168,
      "step": 1000
    },
    {
      "epoch": 0.9794776119402985,
      "grad_norm": 7.340289115905762,
      "learning_rate": 2.1455223880597014e-06,
      "loss": 13.7336,
      "step": 1050
    },
    {
      "epoch": 1.0,
      "eval_loss": 11.15396785736084,
      "eval_runtime": 72.5186,
      "eval_samples_per_second": 240.007,
      "eval_steps_per_second": 7.502,
      "step": 1072
    }
  ],
  "logging_steps": 50,
  "max_steps": 1072,
  "num_input_tokens_seen": 0,
  "num_train_epochs": 1,
  "save_steps": 500,
  "stateful_callbacks": {
    "TrainerControl": {
      "args": {
        "should_epoch_stop": false,
        "should_evaluate": false,
        "should_log": false,
        "should_save": true,
        "should_training_stop": true
      },
      "attributes": {}
    }
  },
  "total_flos": 0.0,
  "train_batch_size": 32,
  "trial_name": null,
  "trial_params": null
}
